username,userid,profile_location,created_at,text,retweet_count,source,coordinates
Caleb Summerfield,1550208831476510720,"Seattle, WA",2023-01-22 04:17:47,"@JasonWolf Rent free I see, don‚Äôt worry we will be there next Sunday to remind you",0,Twitter for iPhone,
Hannah!,714836167,"Seattle, WA",2023-01-22 03:34:18,Whopper whopper whopper whopper junior double triple whopper living rent free in all of our brains,0,Twitter for iPhone,
Cataztrophe,4365915614,"Seattle, WA",2023-01-22 03:17:39,My rent went from potentially going up $300 to only going up $100 if I renew early to staying the same if I renew early. üòéü§ù,0,Twitter for iPhone,
Discreet36000,17702986,"Seattle, WA",2023-01-22 03:10:23,"...elon musk's twitter sell/auctioning off espresso makers, computers, &amp;etc to pay sf offices rent... 
https://t.co/ZuzbHZIwBa",0,Twitter for Android,
Discreet36000,17702986,"Seattle, WA",2023-01-22 03:10:23,"...""elon musk's twitter selling/auctioning off espresso makers, computers, etc... to pay the rent in s/f offices,""‚Ä¶ https://t.co/EIp2lGmUnh",0,Twitter for Android,
Jaymie,24415799,seattle:),2023-01-22 02:54:46,The full circle moment - i saw @JinkxMonsoon in Rent at the 5th Ave before she was on drag race - and to get to see‚Ä¶ https://t.co/xcr9XLHCIl,0,Twitter for iPhone,
deplorablecarpenter,814885695864963073,"Seattle, WA",2023-01-22 02:27:04,@bakedalaska @BillyCardano This response is low rent. You‚Äôre no better than the vax freaks that you oppose.,0,Twitter for iPhone,
Kristine Nicole Speer üá∫üá∏,1504584828036997126,"Seattle, WA",2023-01-22 01:35:23,"Screw that. I was going to rent a movie this weekend. The news is free and way funnier, though!
I freaking love thi‚Ä¶ https://t.co/JdVhsDvnrI",0,Twitter for Android,
poolD321,1348814798973136897,"Seattle, WA",2023-01-22 01:35:08,"@breyershooligan @KING5Seattle Nonetheless it was beyond irresponsible, there‚Äôs that.

$50,000 per month paid to th‚Ä¶ https://t.co/1Ldb7VFBPM",0,Twitter for iPhone,
krista,716600304,"Seattle, WA",2023-01-22 01:00:25,with rent being $2500 ü´† it‚Äôs wild out here https://t.co/MeUbo0rtqr,0,Twitter for iPhone,
Daniel Koch,881546238134374400,"Seattle, WA",2023-01-22 00:56:31,"@BrandonLBradfor I once asked a landlord who brought up the pet rent fee ""and what amenities will my cats have avai‚Ä¶ https://t.co/aNxrKKghgO",0,Twitter for Android,
Busiris,62105115,"Seattle, WA",2023-01-22 00:44:21,"Both myself and @Neekko when we go out to rent movies: ""Oh our watchlist is shrinking, I'm not sure I have many thi‚Ä¶ https://t.co/2m9xhMyJ1m",0,Twitter for Android,
Brett Hamil,27712354,Seattle,2023-01-22 00:37:23,"ACTION ITEM: sign in ""pro"" to support rent stabilization! https://t.co/97wk3RJ640",4,Twitter Web App,
JustJeff,1546846350175772683,"Seattle, WA",2023-01-22 00:25:28,@nathaliejacoby1 @RepSwalwell Full disclosure: I left home at 16.  There were 4 of us living in a 1 bedroom apt - r‚Ä¶ https://t.co/V3WSm3FNaf,0,Twitter for Android,
JustJeff,1546846350175772683,"Seattle, WA",2023-01-22 00:16:08,"@nathaliejacoby1 @RepSwalwell It paid my car insurance, rent, beer &amp; food. At 17 that's pretty much all you need üòâ https://t.co/o5cA6rBGdm",0,Twitter for Android,
William,1246571858054410240,"Seattle, WA",2023-01-22 00:10:12,@itzybitzyminnie Living rent free ü§£,0,Twitter for Android,
Devin Glaser,47781970,Seattle,2023-01-22 00:08:44,"Have you been impacted by a large rent increase? (You're not alone.) 
I am regularly contacted by tenants who have‚Ä¶ https://t.co/v2O9RGmIna",1,Twitter Web App,
Devin Glaser,47781970,Seattle,2023-01-22 00:08:43,"There are two bills that would limit rent increases between 3% to 7% annually getting hearings this Tuesday. 
You c‚Ä¶ https://t.co/6N3fBJFPEf",1,Twitter Web App,
Devin Glaser,47781970,Seattle,2023-01-22 00:08:43,"RENT STABILIZATION has a very real chance of being passed in WA this session!
As someone who grew up here, I am sic‚Ä¶ https://t.co/ycxVLYqFUM",13,Twitter Web App,
The Salty Skipper CAPT O-6,1549559582803955714,Under the Sea,2023-01-22 00:06:07,@CharlieAssface @AMC_Apee @CNN @elonmusk @CGasparino Dude is occupying a lot of your consciousness.  Are you chargi‚Ä¶ https://t.co/iAZs1OVIKE,0,Twitter for iPhone,
GNCordova,316930595,SEA,2023-01-21 23:30:04,"@maplebeanz Exactly. Massive, prime locations that require more than just rent costs to run.",0,Twitter for iPhone,
"Lex, king of monsters",1088043097,"Seattle, WA",2023-01-21 23:07:32,@Adabear_Art depending on state laws you may not be legally required to pay rent until utilities are working,0,Twitter for iPhone,
Phogoth the Untamed,2887178202,"Seattle, WA",2023-01-21 21:30:05,@Mr_Jimmylee @NoLieWithBTC Snap recipients aren't just the poor... They're working full time jobs in a world where‚Ä¶ https://t.co/StSuz4BvOc,2,Twitter for Android,
ItsJJron,431888650,"Seattle, WA",2023-01-21 21:26:34,@RockChalkBlog Rent hella free these days,0,Twitter for Android,
Rick Olague,2560559779,"Newcastle, WA",2023-01-21 20:56:40,"@selhorn @chasreidy @CMSaraNelson fair is typically paying for what you get, not what you can afford-businesses pro‚Ä¶ https://t.co/F73a8QWvVD",0,Twitter for iPhone,
Jay,2751458627,"Seattle, WA",2023-01-21 20:31:43,"Gaslighting at its finest.

People only care about what they see when they go to the store or gas station, or pay r‚Ä¶ https://t.co/KIzKAS58xY",0,Twitter for iPhone,
Luni Libes,6030862,"Bainbridge Island, WA",2023-01-21 20:25:50,@unmariuss @JuniorMinton @paulkrugman I didn‚Äôt miss that point.  @paulkrugman missed the point that the inflation t‚Ä¶ https://t.co/CAY5xxTV3r,0,Twitter for iPad,
"My Life, Your Edutainment",25011698,"Seattle, WA",2023-01-21 20:14:07,With no way to get rid of a MASSIVE amount of pent-up frustration with hiding and collecting everyone else's stress‚Ä¶ https://t.co/D9qV2gnIjh,0,Twitter for Android,
Jer Schmidt,3069114128,"Seattle, WA",2023-01-21 20:13:34,Workspace is such a big one for me. I commute &gt;30mins out of the city to a business park where I still have to shar‚Ä¶ https://t.co/5z6vpj6qzz,0,Twitter for iPhone,
Jer Schmidt,3069114128,"Seattle, WA",2023-01-21 20:13:34,Workshop space: Why isn‚Äôt there more rentable workshop space within urban centers? There‚Äôs no reason this shouldn‚Äôt‚Ä¶ https://t.co/XsAx1K2Zlr,0,Twitter for iPhone,
